,status_id,Date,text,topic,prediction_ds
0,1293654797967454208,2020-08-12T00:00:00Z,"Trillion-dollar Big Tech monopolies claim they need Uncle Sam’s coddling &amp; protection from lawsuits, in the form of an out-of-date statute called Section 230 (from 1996).

And then these Big Tech bullies target &amp; silence conservatives.

@The_IAP says it’s time to reboot Big Tech.",section 230,A
1,1235667474995179520,2020-03-05T00:00:00Z,"And yet won't ban Trump's account, I'm sure. https://t.co/6jGtGCahIF Twitter expands hateful conduct rules to ban dehumanizing speech around age, disability and now, disease https://t.co/3dEW5XZIkM via @techcrunch",platform policies,D
2,1347762078828916736,2021-01-09T00:00:00Z,"@Real_QL Actually I think section 230 ironically shields him from some point of this or at least anything not explicitly illegal.

Irony of ironies",section 230,A
3,1325004430362734592,2020-11-07T00:00:00Z,"@kylenabecker @dustmagnet2017 It almost looks like twitter is trying to ruin section 230 for all social media competitors by its actions, hoping to influence the replacement policy so only they are capable of complying due to the cost.",section 230,A
4,1338130919081844736,2020-12-13T00:00:00Z,@GOP national defense extension and reward to tech section 230 immunity and unlimited greencards ensures that we all stay isolated and never reach the other side with facts and information,section 230,A
5,1334059325711650816,2020-12-02T00:00:00Z,What's national defense got to do with Section 230?  https://t.co/vzye7njZl8,section 230,A
6,1347951118198984704,2021-01-09T00:00:00Z,@olarinde_ayoade @timmymwilson @hodgetwins That can't be more wrong. You legally can't override somebody's rights. Thats why we have the constitution. Thats why section 230 is often considered unconstitutional. With that line of thinking you're also saying businesses can fire you because you voiced support for blm for ex.,section 230,A
7,1347002574940086272,2021-01-07T00:00:00Z,@cnnbrk It’s about time they locked Trump out of Twitter and they should permanently ban him!,trump ban,B
8,1267619918666543104,2020-06-02T00:00:00Z,"Every Republican who bemoaned the supposed deplatforming of ""intellectuals"" on college campuses as the biggest 1st amendment problem in the US, but doesn't speak up about the President gassing peaceful protestors for a photo-op...

We see you...

#BlackLivesMatter",general complaint,E
9,1330297775670632448,2020-11-21T00:00:00Z,"@mtaibbi My layman’s view is that Section 230 may be unconstitutional now given that in reality it provides govt cover to censors. Why wouldn’t that “pierce through” if you will and thus be a 1st amendment violation? https://t.co/l12G7WjZcp In my view, Section 230 became unconstitutional when Twitter, Facebook et al — so-called platforms — began to censor speech and block press. The federal govt indemnifies these platforms. Due to inaction, the govt opposes free speech and press.

What say you @tedcruz, @HawleyMO?",section 230,A
10,1218819838262435840,2020-01-19T00:00:00Z,Using a criminal's picture insulting our history and culture this is where I should report this user to @Twitter @TwitterSupport for hateful content  and threatening #CyberSecurity https://t.co/KdIinpgMXf,twitter support,E
11,1347551897981513728,2021-01-08T00:00:00Z,@LibertyJen Unless they ban all pols. I’ve said this a zillion times on Twitter but 2019 fed court ruled Trump couldn’t block followers b/c public forum 1A. You can Google decision but “ensures different views not excluded.” So Twitter is either a public forum or not. Pick one &amp; stick to it.,general complaint,B
12,1348028563904028672,2021-01-09T00:00:00Z,"@JonahDispatch If a Democratic President pulled the same stuff trump has, gotten away with as much as he has, hurt as many people as he has, incited and even enjoyed violence, I'd say a twitter ban should be the least of his or her problems.",trump ban,B
13,1318802844871499776,2020-10-21T00:00:00Z,TikTok plans to do more to tackle hateful content after reports say it has a ‘Nazi problem’ https://t.co/lETWk2PCks,platform policies,D
14,1379964080983785472,2021-04-08T00:00:00Z,Never forget the left fears President Trump so much they had to ban him.  Cowards.,trump ban,B
15,1321475594773688320,2020-10-28T00:00:00Z,Dear @SenTedCruz: Twitter is a private company. Please stop acting like they are a government entity. #Section230,section 230,A
16,1314260507424165888,2020-10-08T00:00:00Z,"Publishers enjoy #Section230 protections.

The “publisher” v. “platform” distinction in Section 230 is a fiction. https://t.co/l80lD3lu8j Someone at @twitter copy and pasted this description from someone else at Twitter using the phrase ""this is the dek"". A dek means the a subhead of a news story. Pretty weird for a company who claims to not be a publisher and hides behind section 230 protections! https://t.co/Afm3E2saOv",section 230,A
17,1317081250860044288,2020-10-16T00:00:00Z,"@carney This is something that every Trump troll has long ago learned and come to grips with. The social media moderators are anti-Trump partisans. When you trigger a mod they delete posts, ban accounts, block urls. But really, that just makes it more fun.",general complaint,B
18,1268804904790958080,2020-06-05T00:00:00Z,Worth reviewing the (updated) timeline of The White House's call for a review of Section 230: https://t.co/e9xGaW9K2S #KobmaxQueen,section 230,A
19,1266129310030589952,2020-05-28T00:00:00Z,FCC commissioner says Trump’s Section 230 plan ‘does not work’The FCC is divided over the draft order https://t.co/DWNB5BBQZf,section 230,A
20,1289720600806612992,2020-08-02T00:00:00Z,"Incredibly biased corporate news plus rampant social media censorship only breeds more conspiracy theorists.

Remember, a whistleblower was needed to show that ABC wouldn’t run an Epstein story. https://t.co/6SXXtectoT There’s a QAnon/Pizzagate protest in Hollywood right now. The signs are absolutely wild. And no masks. Something is deeply wrong with this country.

: @williamg1

https://t.co/CqT1LMF6zv",general complaint,OTHER
21,1334096660973150208,2020-12-02T00:00:00Z,Fuck section 230.,section 230,A
22,1343894844515774464,2020-12-29T00:00:00Z,@calebb2 @SenatorBraun (Twitter being used as an example here; Section 230 does not call out a platform or service.),section 230,A
23,1277512823292256256,2020-06-29T00:00:00Z,"Part Two

Parler accepts your right to express your thoughts, opinions and ideals online. No “throttling.” No shadow banning. Just Free Speech—our God-given, Constitutional Right.",platform policies,D
24,1232255650811564032,2020-02-25T00:00:00Z,"@ajcdeane @FraserMyers @BBCr4today Dawn went on to argue that deplatforming people was actually a *defence* of free speech.

Which was special.",platform policies,B
25,1347219684039553024,2021-01-07T00:00:00Z,et tu @Twitter Failure to ban Trump will be morally reprehensible.,trump ban,B
26,1341884480831762432,2020-12-23T00:00:00Z,@AndrewFeinberg @realDonaldTrump Question from a Canadian. Wouldn’t repealing section 230 make it impossible for Parler to exist?,section 230,A
27,1321558523025772544,2020-10-28T00:00:00Z,"@cupofmice @_LukeCSkywalker @DanCrenshawTX omg you're pro-censorship playbook is boring.... ever heard of section 230, publicly traded companies, no?",section 230,A
28,1247208416486895616,2020-04-06T00:00:00Z,@realMikeLindell Shadow banning is at pandemic levels on this less than social platform. You’re just too positive for those hosting the site. Welcome to the club,platform policies,E
29,1324817523271892992,2020-11-06T00:00:00Z,"This is ridiculous. Even after @jack got raked across the coals by the senate for his blatant censorship and election interference. We MUST repeal section 230 NOW! #Repeal230 #stopbigtechcensorahip #FreedomOfSpeech https://t.co/cpa82KMQVv It's absolutely INSANE that Twitter BLOCKED @marklevinshow's tweet that merely articulated Art. II, §1, cl. 2 of the United States Constitution! 

Iran's Ayatollah Khamenei can tweet calls for Israeli genocide but Mark Levin cannot cite the U.S. Constitution.

WOW  https://t.co/3RJTIlx5qj",section 230,E
30,1334150085001744384,2020-12-02T00:00:00Z,I support the President and I support the removal of section 230 shielding big tech. Since the big the tech has decided to choose winners and losers in information dissemination. https://t.co/1lf5K5wV6p,section 230,A
31,1282935445098311680,2020-07-14T00:00:00Z,"RT #FightExtremism ""On Friday, Twitter reportedly removed more than 50 white nationalist accounts from the platform. Only after renewed criticism over extremist content. https://t.co/AMDbSr110A""",platform policies,E
32,1335384673934057472,2020-12-06T00:00:00Z,Section 230 ya heard that @tedcruz? You held the hearings. It’s time for you to do the right thing. No puns intended.,section 230,A
33,1302429093586112512,2020-09-06T00:00:00Z,@georgeegirl Can't wait to Ban Trump !,trump ban,B
34,1331522308184436736,2020-11-25T00:00:00Z,"@american2084 I think Twitter should permanently ban Trump.  It would limit him greatly.  I mean, the alternative (parler) is a bomb isn't it?  Ha!",trump ban,B
35,1346926632272060416,2021-01-06T00:00:00Z,hey @Twitter @jack you should ban trump https://t.co/DABGEs4t7Z Today would be a great day for Twitter to ban Trump.,trump ban,B
36,1347764241747611648,2021-01-09T00:00:00Z,Donald Trump Subverts Twitter Ban via @POTUS Account and Gets Deleted Again - POTUS #POTUS -  https://t.co/gGoeWAkgic,trump ban,B
37,1266204662383796224,2020-05-29T00:00:00Z,@realDonaldTrump you have no power when it comes to #Section230,section 230,A
38,1273285691850416128,2020-06-17T00:00:00Z,"Sadly Big Tech continues down a path that will see them stripped of Section 230 protections of CDA. One way or another they're going to have to change their practices, whether they like it or not. Better to do it willingly than have it legislated.",section 230,A
39,1348156851825897472,2021-01-10T00:00:00Z,"Post Edited: Short on alternatives, fans trash Twitter's Trump ban – on Twitter https://t.co/kFHbfp2KI4https://t.co/Qb9Daxy2JG",trump ban,B
40,1336461166403596288,2020-12-09T00:00:00Z,"@yossarian44 @davewflee @ThomasSowell Then why can't they be sued for what people post on them? Oh, right right retard, they are public platforms and thus protected by section 230. Go learn something moron.",section 230,A
41,1309257049696600064,2020-09-24T00:00:00Z,@issielapowsky But how many little guys actually have section 230-level problems? I feel like being a massive unwieldy platform that can’t keep track of what’s going on is when you actually start to need those protections,section 230,A
42,1348340615772319744,2021-01-10T00:00:00Z,"Dear Governor Fuckwit,

Section 230 is not what allows private companies to choose what is allowed on their platform. That would be the first amendment. You’re letting kissing Trump’s ass make you look even dumber than usual. https://t.co/LOBeNekUi7 Canceling conservative speech is hostile to the free speech foundation America was built on.

There is no reason why social media organizations that pick &amp; choose which speech they allow to be protected by the liability protections in 47 US Code Section 230.

230 must be repealed",section 230,A
43,1343548180441542656,2020-12-28T00:00:00Z,Drop the pork out of the bill.  Money to Americans ONLY.  Remove Section 230 protection for Big Tech!! https://t.co/vkPGVlRhSR I applaud the President’s decision to get billions of dollars of crucial COVID-19 relief out the door and into the hands of American families. I am glad the American people will receive this much-needed assistance as our nation continues battling this pandemic. My full statement: https://t.co/YSPYsPu2ct,section 230,OTHER
44,1344284812589334528,2020-12-30T00:00:00Z,"@realDonaldTrump Then tell McConnell to remove the bullshit from the bill.

Section 230 has nothing to do with relief.
Election investigations have nothing to do with relief.

#POSPOTUS",section 230,A
45,1354124828895186944,2021-01-26T00:00:00Z,"Twitter decided to ban Mike Lindell, who founded bedding company My Pillow, due to “repeated violations” of its civic integrity policy, a spokesperson said in a statement. The policy was implemented last September and is targeted at fighting disinformation https://t.co/lM2FeHuv3f",platform policies,D
46,1348978333690654720,2021-01-12T00:00:00Z,Donald Trump being banned from social media is a dangerous distraction https://t.co/F2znSyYxxt,trump ban,B
47,1346978777566310400,2021-01-07T00:00:00Z,"Trump has a 12hr Twitter ban, is he moving himself over to Parler? Who’s on there",trump ban,B
48,1347921296575836160,2021-01-09T00:00:00Z,Section 230 needs be checked an balance for sensoring an cancel culture!,section 230,A
49,1348061459637538816,2021-01-10T00:00:00Z,"@DineshDSouza @The_Dmac_Show Repealing section 230 would not end tech censorship. It would, in effect, require it.",section 230,A
50,1343109041191587840,2020-12-27T00:00:00Z,"@NationalAssemb1 If there was censorship, you wouldn't get stories like this. But if you repeal section 230, people could sue Twitter into oblivion for what other people are saying, get it now?

https://t.co/zwFeDKoVap",section 230,A
51,1316834067338326016,2020-10-15T00:00:00Z,"Let’s see what section 230 says if the social media giants lose it...

https://t.co/AZg2DMR6aF",section 230,A
52,1347245019892232192,2021-01-07T00:00:00Z,It really took yesterday for Zuckerburg to ban Trump from FB and Twitter to suspend his account. Shit it took the election for Twitter to finally fact check his tweets. Beyond enablement here,trump ban,B
53,1348935920939118592,2021-01-12T00:00:00Z,"@MartinSLewis now that Twitter has banned Trump, they should also start to ban people like Nigel Farage and all the Brexiters who lie and post false propaganda, including Gove and BoJo",trump ban,B
54,1323813973913817088,2020-11-04T00:00:00Z,"@rickjnewman @RaheemKassam @DonaldJTrumpJr @WarRoomPandemic Section 230.
Let's remove it for Twitter and they can edit their PRIVATE site all they want",section 230,A
55,1347936194856771584,2021-01-09T00:00:00Z,"@anshublog @balajis @joelgrus After removing section 230 protection, yes.",section 230,A
56,1339652660274876416,2020-12-17T00:00:00Z,"@realDonaldTrump That makes no sense.

Are you trying to say that China is happy that repeal of Section 230 is not in the bill?

Seriously, WTF does China have to do with your vendetta against Twitter users? China cares about monuments?

You are a little, little man.",section 230,A
57,1313714838640746496,2020-10-07T00:00:00Z,A good start for removing section 230 protections would be removing them from sites that let people block acounts from reposting/rting their posts,section 230,A
58,1348230556689920000,2021-01-10T00:00:00Z,"If you haven't lost twitter followers these few days, you're not in the trending zone, says the Trump ban community ",trump ban,B
59,1265769092515942400,2020-05-27T00:00:00Z,"$FB $TWTR #ShadowBanning #BlatantCensorship #SystemicBias #PoliticalTargeting https://t.co/fUYX5yw79Vhttps://t.co/uXXKSsIXJ8 .@Facebook just said @Twitter shouldn't be the ""arbiter of truth online"" by fact-checking Trump's tweets.

However, Facebook just flagged our page and reduced our reach after using third party fact checkers.

So is it only okay when Facebook does it?

 https://t.co/Gc5jeFDTvf",platform policies,E
60,1317530828033896448,2020-10-17T00:00:00Z,FCC chairman to move forward on proposal to weaken liability protections for social media companies that fact-check the president's posts https://t.co/krMYz4ghkY,platform policies,A
61,1348326738325983232,2021-01-10T00:00:00Z,@NetherRealm You guys getting on that Trump ban train or what? He’s a Sheeva stomp spammer #mk11 #kombatleague,trump ban,B
62,1378542970115387392,2021-04-04T00:00:00Z,"Twitter, Inc: Ask Facebook and Twitter to remove hateful, Islamophobic content on their platforms https://t.co/gdmPLUdy7N via @Change",platform policies,E
63,1334731007044554752,2020-12-04T00:00:00Z,YES YES YES VETO VETO VETO IF THE DEFENSE BILL DOES NOT INCLUDE TERMINATION CLAUSE SECTION 230 https://t.co/dBECaI5I0a,section 230,A
64,1348521174758608896,2021-01-11T00:00:00Z,"The owner that Runs these Tech Web Hostings are All Democrats. It’s Simple as that. Money Buyes So you can Ban who ever you like? But a President?There will be Court Action Proceedings for been biased towards The President Trump?? I have been Band on Facebook for my Say Rigged https://t.co/hWPLvrAqRf President Trump's steadfast grip on Republicans in Washington is beginning to crumble, leaving him more politically isolated than at any other point in his turbulent administration. https://t.co/QugDuCtVA4",trump ban,B
65,1313869099051614208,2020-10-07T00:00:00Z,"@ZackryPaul @Lex_Jurgen @reason What is the fundamental difference between @reason and Twitter? Both have open commenting systems. If anything, Reason has less moderation, which means they're open to huge liabilities without Section 230.

My personal blog will shut down as well without Section 230.",section 230,A
66,1334571501761294336,2020-12-03T00:00:00Z,@jayshee0325 @JeffersonMetz @realjunsonchan @realDonaldTrump You don't mind that removing Section 230 would give significant advantage to *foreign* platforms?,section 230,A
67,1348445830227890176,2021-01-11T00:00:00Z,Social media and free speech: Trump's 'deplatforming' explained - National Post https://t.co/Iq5LGnqzh2,trump ban,B
68,1348734507768295424,2021-01-11T00:00:00Z,"@sarin5x_x No, I'm talking about making a site just as pozzed as twitter, but you don't ban Trump from it.",trump ban,B
69,1344188060666355712,2020-12-30T00:00:00Z,"Repeal Section 230, $2,000 stimulus checks.",section 230,A
70,1321440848979046400,2020-10-28T00:00:00Z,"""$TWTR, $FB, $GOOGL control a very large amount of our public conversation and I think it's very scary to live in a democracy where you have the public square effectively being censored,"" says @JTLonsdale. ""Therefore I say modify Section 230."" https://t.co/8l3fuA9YZ4",section 230,A
71,1280928661038870528,2020-07-08T00:00:00Z,"@Kmair9 I know they shouldn't and I'm never saying she should stop praising them, but if there's an ongoing problem we should all be doing everything we can to avoid children seeing harmful content.",platform policies,D
72,1317823169726697472,2020-10-18T00:00:00Z,"Hey @Jack: enjoy your section 230 protection while you can!

Come Friday, the party is OVER! https://t.co/Ls0ArE3ijv",section 230,A
73,1321721022559772672,2020-10-29T00:00:00Z,Section 230 barely rates a mention in Senate's hasty pre-election flogging of tech CEOs https://t.co/7VsXffyQNj #metabloks,section 230,A
74,1343996335922401280,2020-12-29T00:00:00Z,"U R listening to the wrong voices:@nataliewsjMcConnell says Senate will address Trump’s concerns about the stimulus payments, Section 230, and his  complaints about the election.

“This week the Senate will begin a process to bring these three priorities into focus,” he said, https://t.co/OHezHkdqbC",section 230,A
75,1291839839889915904,2020-08-07T00:00:00Z,"@dubby14u @therealtrump110 @Darylmatla @Bison2277 @Strandjunker @realDonaldTrump @Twitter No. Editorial functions, including blocking post, do not disqualifie sites from receiving section 230. See zeran v american online, the case that istablished that broad reading and has been upheald since the 1997. https://t.co/3XEYZZ8X44",section 230,A
76,1327217160930922496,2020-11-13T00:00:00Z,"If tech companies want to get to grips with tackling harmful content and behaviours, they must do the following:https://t.co/ko2FCXjQD7",platform policies,D
77,1331277829233893376,2020-11-24T00:00:00Z,@winniejane80 @BTSARMYKitchen Hence why you gotta unclench sharing a video of him with no harmful words is not disrespecting. You came under their tweet to regulate their content cuz it doesn’t appeal to YOU and you alone. You took it too serious like I said take a breather is not that deep  you’re muted,personal complaint,OTHER
78,1321239661394550784,2020-10-27T00:00:00Z,"Facebook, Google, Twitter CEOs' prepared statements defend Section 230 https://t.co/kQCxAMk1W2",section 230,A
79,1367621265620676608,2021-03-04T00:00:00Z,@DonaldJTrumpJr If ur that stupid then u deserve for someone else to ban u. The reason is a BIG flashing red sign across America..u tell lies and promote conspiracies..just trump being banned has lowered the temp emensly. We are all for that..come back to reality and ull do fine. Djt lost.,trump ban,B
80,1369108893280788480,2021-03-09T00:00:00Z,"@69News Calling it a woman is really, really pushing for a Deplatforming.",general complaint,E
81,1235681277396660224,2020-03-05T00:00:00Z,"@jack It’s time to ban Trump for hate speech, inciting violence, demeaning others, racism.",trump ban,B
82,1347877022287208448,2021-01-09T00:00:00Z,The Deplatforming of President Trump https://t.co/ODGfSAIZy6,trump ban,B
83,1266351347177336832,2020-05-29T00:00:00Z,@Twitter just ban Trump and be done with it. You've banned us normal folks. Why is he held to a lower standard?,trump ban,B
84,1303113292475371520,2020-09-07T00:00:00Z,"@richardmarx @BradleyWhitford @RealJamesWoods James Woods said
Reminder: block any twenty accounts a day that have the hashtag “resist” in their profile. It slows them down and offsets Twitter’s shadow-banning of conservative accounts.",platform policies,E
85,1349687440567640064,2021-01-14T00:00:00Z,@thehill @jack @JeffBezos and Mark Zuckerberg saw how they were gonna lose 100s of millions since Section 230 excepts federal criminal liability. It became “Every man for himself” at that point.,section 230,A
86,1334207727384616960,2020-12-02T00:00:00Z,@KamalaHarris Is there anything Congress can do to stop this madman! Last night AP reported that Trump says he will veto the annual national defense fund bill unless Section 230 is terminated. 1/20  cannot come fast enough. Trump is going to make crazy decisions out of spite.,section 230,A
87,1233217766204809216,2020-02-28T00:00:00Z,Social Media Censorship is anti democratic. https://t.co/MwGDO3C1t3,general complaint,E
88,1266888196853395456,2020-05-31T00:00:00Z,"@Rogue_Martin https://t.co/CtfhTnfupC

Sign my petition to #BanDonaldTrump from Twitter for inciting violence and hate speech against protestors!!",trump ban,B
89,1348290040112312320,2021-01-10T00:00:00Z,"Donald Trump Jr. says 'the world is laughing at America' as he rails against his dad's Twitter ban, saying 'free speech is dead' https://t.co/xstMQ7JERU via @Yahoo NO the world is laughing at the Dumb Ass ""TRUMP's.",trump ban,B
90,1347456183762898944,2021-01-08T00:00:00Z,"After using Twitter and Facebook to incite a violent coup, it's time to ban @realDonaldTrump permanently. https://t.co/EA1ndAlwwi",trump ban,B
91,1346223051852181504,2021-01-04T00:00:00Z,@Andrea_DTX @parlertakes Or if somehow Republicans get section 230 repealed...,section 230,A
92,1338538839711895552,2020-12-14T00:00:00Z,Twitter Reportedly Says They Could Ban Trump After Inauguration Day For Repeated Violations,trump ban,B
93,1344275756705320960,2020-12-30T00:00:00Z,@danpionunez @realDonaldTrump Not for the price of section 230,section 230,A
94,1329217826809409536,2020-11-19T00:00:00Z,"TRUMP IS USING TWITTER TO JUSTIFY CALLING STATE VOTES TOO CONFUSED TO CERTIFY. Anybody else would be banned. @jack now says he can keep doing it while POTUS. @Twitter is giving Trump a loaded weapon. Ban. Trump. Now.

Olbermann Vs. Trump: https://t.co/xG2dMIQu6h
Brief edition: https://t.co/9xisXLBfFP",trump ban,B
95,1350554074886889472,2021-01-16T00:00:00Z,@HamillHimself MAGAS will claim this is more cancel culture and deplatforming instigated by Antifa and big tech.,general complaint,B
96,1336319521615802368,2020-12-08T00:00:00Z,"@realDonaldTrump Veto it, repeal section 230.

Why does the GOP establishment help our enemies in Big Tech that censors conservatives?

VETO!",section 230,A
97,1325642165922406400,2020-11-09T00:00:00Z,Big Section 230 lesson here.,section 230,A
98,1344064320678739968,2020-12-29T00:00:00Z,@MAGACovfefe711 McConnell just put a bill for the same but repells section 230 .,section 230,A
99,1348494733207859200,2021-01-11T00:00:00Z,"@LDC0240 @Timcast Deplatforming is not censorship. If I doxxed you tonight and made credible threats to harm you, I would be removed from this platform and rightly so.

Fascist movements are inherently violent and abusive, ergo.....",platform policies,B
100,1341910592488046592,2020-12-24T00:00:00Z,"Trump vetoes $740B defense bill, citing “failure to terminate” Section 230 https://t.co/GjtZYqT4zb",section 230,A
101,1344178595963564032,2020-12-30T00:00:00Z,"@DefenseAssange @elizabethmurra SHARE WIDELY-NO TO 230 REPEAL-NO PRICE ON FREE SPEECH-NO TO $2000 TIED TO THIS-SNEAK ATTACK

trump-s-sneak-attack-on-section-230 - compromises our PRICELESS free speech - NO to $2000 used as bait

https://t.co/klBJvGPsaq",section 230,A
102,1266026522370027520,2020-05-28T00:00:00Z,"@TA_Yonts As I understand section 230, yes. However, layman, and ultimately courts tend to decide that.",section 230,A
103,1353439553751814144,2021-01-24T00:00:00Z,Now let’s talk about all the Bernie bros that were championing Bernie filibustering the senate for a bill that was going to repeal section 230 and all pornography because they wanted $2k in stimulus lol https://t.co/3DKVgRDNDy,section 230,A
104,1316761579082350592,2020-10-15T00:00:00Z,"@Winklestink1 @chima_akunwata @Corey_412 @SenTedCruz @Twitter @Facebook @nypost Clearly not, if you think censorship makes them a publisher.

Section 230 literally protects them from liability for NOT censoring all the potentially damaging content that their users post. Repeal 230, and they will have to censor a whole lot more than they voluntarily do, now.",section 230,A
105,1266406360486301696,2020-05-29T00:00:00Z,"A must read for EO and 2”section 230. https://t.co/sFgZ4wzmo5 (1) Long threat alert: yesterday, I laid low about the EO on “online censorship” because I didn’t want to be lured into, and be trolled by, absurd distortion of Section 230 and ultra vires nonsense. I have written about and worked on 230 reform for too long and too hard.",section 230,A
106,1313651264702443520,2020-10-07T00:00:00Z,TechCruch - Facebook says it will ban QAnon across its platforms https://t.co/PTj82MbUmd,platform policies,D
107,1342283819664039936,2020-12-25T00:00:00Z,@realDonaldTrump You're an idiot.  Section 230 is the thing that allows you to have an account on Twitter at all.,section 230,A
108,1330268463764529152,2020-11-21T00:00:00Z,Been laughing at the concept of Trump ban evading once his terms ends and Twitter gets rid of him.,trump ban,B
109,1349549214305554432,2021-01-14T00:00:00Z,"@Twitter CEO Jack Dorsey’s statement regarding last weeks ban on President Trump’s account. The Filthy American has been following and reporting the actions involving tech companies censorship of certain figures. #censorship https://t.co/ijmpYR2fss I do not celebrate or feel pride in our having to ban @realDonaldTrump from Twitter, or how we got here. After a clear warning we’d take this action, we made a decision with the best information we had based on threats to physical safety both on and off Twitter. Was this correct?",trump ban,B
110,1273542151893405696,2020-06-18T00:00:00Z,Hawley Proposes Bill to Scale Back Section 230 Protections for Tech Companies with Large Audiences https://t.co/C0D6uW2KG3,section 230,A
111,1326626763825246208,2020-11-11T00:00:00Z,@RudyGiuliani @GOPChairwoman @JaySekulow @CletaMitchell  @LLinWood @SidneyPowell1Can someone tell Zuck this is factual?#Section230  @TomCottonAR  @HawleyMO  @seanhannity Zuck says No https://t.co/M0iQs3Oz0M,section 230,A
112,1348016627887992832,2021-01-09T00:00:00Z,"@capitalkiwi I take your point and I agree. But I understand this was the point with DJT – he was using his account to incite violence and rebellion. Section 230 gives social media broad immunity from what its users post, but they probably feared they didn't have enough cover for this.",section 230,A
113,1348686110399066112,2021-01-11T00:00:00Z,Germany's Chancellor Angela Merkel calls Trump Twitter ban 'problematic' https://t.co/yeJtbml0Di,trump ban,B
114,1216995115664904192,2020-01-14T00:00:00Z,"@KimBoon94 @Twitter @jack @Project_Veritas people are getting tired of loosing followers, shadow banning etc.
Do you already posses insider info which rules @jack handled to silence common sense?",general complaint,E
115,1317120467010899968,2020-10-16T00:00:00Z,"Missed the @Pelicans_tech panel on free speech &amp; #Section230 yesterday? Don't worry, you can still watch @PatHedger18 here: https://t.co/nCdeQOFkdk",section 230,A
116,1313689641233518592,2020-10-07T00:00:00Z,"Facebook said it would ban all groups and pages affiliated with the QAnon conspiracy theory, which has continued to spread on the platform. https://t.co/CJTrVydmtA via @HuffPostPol",platform policies,D
117,1328766894191505408,2020-11-17T00:00:00Z,Twitter Faces Backlash After 'Shadow-Banning' an Indian Army Account Over Rescue Operation Post..... Another example how biased twitter censorship is. An #IndianArmy twittera/c @ChinarcorpsIA being shadow banned. Clear misuse of power by Big Tech 7/n https://t.co/pSd6nwW8Fa,general complaint,E
118,1288590298109505536,2020-07-29T00:00:00Z,Mark Zuckerberg defends Twitter's decision to ban Donald Trump Jr over a posts video claiming masks are unnecessary.Click on the link in our bio or access the link below to get the full story.… https://t.co/1nHYUFN7UD,trump ban,B
119,1334865057323376640,2020-12-04T00:00:00Z,SECTION 230: Trump demands repeal of the liability shield for ‘big tech’ https://t.co/wp4lGQFBmKhttps://t.co/2402Q4qA6Y,section 230,A
120,1347826846906384384,2021-01-09T00:00:00Z,"@Jolly_Jack @realDonaldTrump Trump fucked up big time &amp; the entire establishment turned against him. Social media will likely auto ban anything claiming to be affiliated with him.
It will be practically impossible for him to communicate with &amp; coordinate his cultish followers.",trump ban,B
121,1348003789446397952,2021-01-09T00:00:00Z,Seeing tons of wild takes on Trump ban. My stance will always be against censorship. This however is a rare different case. His position of power and how he  he abused it is super dangerous. It’s all just for him. Trump only cares about Trump... And his dick.,trump ban,B
122,1347779251416678400,2021-01-09T00:00:00Z,"@awscloud’s Acceptable Use Policy pretty clearly bans hosting content or services “that may be harmful to others”.

You’d Think a social media service that advertises their lack of moderation, and is used for planning insurrection and violent extremist acts, qualifies. https://t.co/fhvGGGQxPP To be clear on the Parler on AWS issue, if I were still at the company I would still be raising hell about this. And no, it isn’t censoring freedom of speech, it is insisting that AWS stops empowering a platform to engage in sedition and treason.",platform policies,D
123,1317107763814699008,2020-10-16T00:00:00Z,Kevin McCarthy: ‘It‘s Time to Scrap‘ Section 230 Protections https://t.co/TSPepht24V via @BreitbartNews,section 230,A
124,1263510346758791168,2020-05-21T00:00:00Z,"@morningmika @Twitter Tweeter is the only waaay to know whats really going on at all times w/Trump. Its his brain child. A reel time running indictment of crime(s). #Needed. 

No to ban.",trump ban,B
125,1251376725306589184,2020-04-18T00:00:00Z,"@PrimRoZLane @jocelynmstanton @SecularLondoner @RickRobb58 @DeanSollinger @MollyJongFast They said as much. They won’t ban hate speech because they‘d have to take down lots of GOP politicians, which they don’t want to do because money. And a Trump donor recently bought shares and wanted to replace Jack as the boss. Trump will be free to continue inciting.",general complaint,B
126,1343707824648548352,2020-12-28T00:00:00Z,"@janaya7987 @LindseyGrahamSC @realDonaldTrump Indeed, it will be a mass banning /exodus of social media platforms, the CEO's will not risk being held reliable for what some racist asshat says.

90% of these republicans would be banned on all social media platforms as soon as section 230 is repealed.",section 230,A
127,1344127902049214464,2020-12-30T00:00:00Z,"They do not want you to understand what section 230 is. In short, section 230 makes it so websites can't be held legally accountable for the ""crimes"" of their users. When they get to choose what is and isn't a crime this quickly leads to soft banning anything they want. https://t.co/5F1rVHevcu So when they tell you they want to give you 2k and repeal section 230, understand they are cutting you a check in exchange for them getting to choose what is and isn't allowed online. With the drop of a hat they can sue/block/ban Twitter if they don't ban certain types of posts. https://t.co/aWGYJDJuAs",section 230,A
128,1333967670937436160,2020-12-02T00:00:00Z,@MarkDice @realDonaldTrump The repeal of section 230 would be weaponized far more against conservatives then it would be against liberals. Free speech would suffer far worse than it is now. Platforms like Parler would no longer allow free speech. We need to really think about this.,section 230,A
129,1321430891332276224,2020-10-28T00:00:00Z,"At the moment, #Section230 protections provide a level playing field to those seeking to compete against Facebook, YouTube, Twitter, etc. Changes to the law that make complying with Section 230 more difficult are anticompetitive.",section 230,A
130,1303640325781704704,2020-09-09T00:00:00Z,Trump’s latest attack on Section 230 is really about censoring speech https://t.co/UjDif5dTWX,section 230,A
131,1317177077460848640,2020-10-16T00:00:00Z,"@seanhannity Although, we still need to repeal Section 230. Big Tech can influence our youth.",section 230,A
132,1285291434711670784,2020-07-20T00:00:00Z,RT or like if you can see this. Think Twitter is shadow banning me ,personal complaint,E
133,1354366001408831488,2021-01-27T00:00:00Z,YouTube prolongs Trump suspension citing ‘ongoing potential for violence’ as Big Tech dou ...Source: Russia Todayhttps://t.co/AxYtDJyR4M,trump ban,B
134,1327022789363056640,2020-11-12T00:00:00Z,"@B52Malmet Everybody has their ideas on why Trump's fighting to remain president, but consider this: 
1. 12 noon Jan 20, 2021, Trump et al will be indicted by the State of NY, assets frozen.
2. Deutsche bank and other creditors will call their loans. 
3. Twitter will ban him. 
Ouch!",trump ban,B
135,1354806860344254464,2021-01-28T00:00:00Z,Free speech vs hateful content: Should tech firms have the last word?Senior advocate #SanjayHegde and senior journalist @Profdilipmandalshare their thoughts: https://t.co/6VrlJdWHOM,platform policies,D
136,1319630701587779584,2020-10-23T00:00:00Z,"ICYMI: My blog post explaining the @FCC's authority to interpret #Section230 of the Communications Act of 1934 and clarify the scope of its immunity protections. https://t.co/mktQg9x28C Today, as the @FCC's General Counsel, I explain why the Commission has authority to interpret #Section230 and clarify the scope of the immunity protections accorded to social media companies and other websites. Read my full analysis:

https://t.co/vwjcnSzl5q",section 230,A
137,1316816481942814720,2020-10-15T00:00:00Z,.@CNBC says the @FCC intends to interpret section 230 to reform the liability protections for internet providers. Interpret it so on-line protections track the protections that  other media types enjoy.,section 230,A
138,1267114893997735936,2020-05-31T00:00:00Z,FUCKING SHADOWBANNING IS PISSING ME OFF!!!!,personal complaint,E
139,1317127308600315904,2020-10-16T00:00:00Z,@krunklebenj @keepitreal953 @Ratify_The_ERA @FoxNews Section 230!,section 230,A
140,1332177205862883328,2020-11-27T00:00:00Z,"LMAO @realDonaldTrump losing his shit on twitter when 99% of america is in a food coma and gives a rats ass that Fox News and Twitter think you're a c**t, but love that trending (facts not fake) #diaperdon and Section 230, whaaaaaa he got her widdle feewings hurt..",section 230,B
141,1351176776123297792,2021-01-18T00:00:00Z,"@mtgreenee @Twitter Dear Marjorie, The “free market” also allows Twitter to ban Trump &amp; suspend you for breaking rules. It also allows you to delete your account and go to one of the new options with far fewer users. Twitter isn’t going to let Trump tweet again https://t.co/mldNPNQ55d",trump ban,B
142,1347172094338064384,2021-01-07T00:00:00Z,"@wqyu @GMA @RebeccaJarvis Parties do not fall into either publisher or non-publisher categories. There is no platform vs publisher distinction in section 230. 

A private company gets to tell you to sit down and shut up or you don't get to play with their toys.",section 230,A
143,1342588940419657728,2020-12-25T00:00:00Z,Trump vetoes $740 billion defense bill after Section 230 complaints  The Verge https://t.co/nZnNCZIely,section 230,A
144,1347614441165099008,2021-01-08T00:00:00Z,"Reddit bans r/donaldtrump following violence at the U.S. Capitolhttps://t.co/CF9g7isSDf
Days after a mob broke into the U.S. Capitol amid protests against Donald Trump’s 2020 election loss, another major social media platform has banned a popular pro-Trump forum. Reddit this mor",trump ban,B
145,1317255610858024960,2020-10-17T00:00:00Z,"""Very simply put, Section 230 is the law that says that, if I post something defamatory on Twitter, the victim can sue me, but not Twitter. It also says, again put simply, that Twitter has the right to moderate stuff on its site as it sees fit."" https://t.co/c17g9b2nhm Section 230 Is The Subject of The Most Effective Legal Propaganda I've Ever Seen

Here Are Some Resources On What It Really Means, If You Care

https://t.co/RTMS5tUtHy",section 230,A
146,1349817858163957760,2021-01-14T00:00:00Z,Trump Social Media Ban Shows How Ignorant Americans Really Are https://t.co/zBEN4hh6A1 via @YouTube People need to LEARN about what “Free Speech” is AND its limits.,trump ban,B
147,1359602690985136128,2021-02-10T00:00:00Z,Twitter Reaffirms Trump Ban — Even If He's Elected In 2024 $TWTR,trump ban,B
148,1316685871920353280,2020-10-15T00:00:00Z,"I think it’s time to get rid of section 230.  If big tech wants to act like publishers and not platforms, then they should be treated as such.",section 230,A
149,1321249887770521600,2020-10-28T00:00:00Z,Corporate Censorship and The Left! https://t.co/B7s4YEjf9v via @YouTube,general complaint,OTHER
150,1214720126085414912,2020-01-08T00:00:00Z,"@Twitter for real, it's time to ban Trump.

Or just shut down the whole site. You're making the world a worse place.",trump ban,B
151,1334766962807775232,2020-12-04T00:00:00Z,@JimInhofe END SECTION 230 NOW!!!,section 230,A
152,1355619168406499328,2021-01-30T00:00:00Z,"Social media’s Trump ban is a good start, but online’s hooligan element is still out there | The New Daily https://t.co/1IkgheQvVs",trump ban,B
153,1349804904760582144,2021-01-14T00:00:00Z,Trump Releases Video on Twitter Ban and Violence https://t.co/hfwDfX7NDD via @YouTube,trump ban,B
154,1264217946441703424,2020-05-23T00:00:00Z,"@Jennyjen010 I do know many women are on fake accounts. I can reply to you, and three fake women private message me. If Twitter gets rid of all those accounts at once, you could be reduced 100 followers. Or else this is shadowbanning.",platform policies,E
155,1363337753975545856,2021-02-21T00:00:00Z,"But I'll bet they'll find a way to let him back on,"" says @BillGates on President Trump's social media ban. https://t.co/N7QuEL9pfM #usa #viralvideos #viralinUS #VIRALNEWS",trump ban,B
156,1321491880882982912,2020-10-28T00:00:00Z,@realDonaldTrump 230 is such a disaster.  So bad. We are looking very strongly at 230. We hate section 230 don't we folks?,section 230,A
157,1317566997375352832,2020-10-17T00:00:00Z,"@realDonaldTrump @GOPLeader

11 years on Twitter never violated a rule once but my tweet's are shadow banned/suppressed because I'm a Trump supporter who tweets out the truth. Take away leftist twitter's section 230 gov. protection NOW!

https://t.co/ln5RPJRQED https://t.co/Zvq9bwMHHX",section 230,A
158,1348995734704705536,2021-01-12T00:00:00Z,"Russian-made #Telegram messenger shoots to top of US app charts, amid fears of wider social media crackdown following Trump ban — RT Russia &amp; Former Soviet Union https://t.co/3HGLCNNJ2T",trump ban,B
159,1349709960180097024,2021-01-14T00:00:00Z,@jack @realDonaldTrump Too little too late Jack. Censorship is never appropriate. Section 230 needs to be redefined to prevent companies like yours from defining free speech.,section 230,A
160,1347958919159816192,2021-01-09T00:00:00Z,Nikki Haley says Trump Twitter ban is 'what happens in China' https://t.co/a0J8vKbM0s #FoxNews,trump ban,B
161,1261260707250790400,2020-05-15T00:00:00Z,"@GensokyoJesus @kappas_forever Well, from what I've read the shadowbanning wont stop if its started repeating already. All of you'd do me a great favor if you just folllowed my alt. Thats all I'm asking for. My bio always says which acc I'm currently using.",personal complaint,OTHER
162,1345889396038524928,2021-01-04T00:00:00Z,"@Maxtropolitan @TheAtlantic @danteramos The internet is entering a free-speech dark age, despite and largely because of Section 230. /fin",section 230,A
163,1342881000238370816,2020-12-26T00:00:00Z,"On Section 230, It's Trump vs. Trump - he is an idiot and cannot understand even simple concepts https://t.co/ajyKQYnkFz",section 230,B
164,1316765569341894656,2020-10-15T00:00:00Z,"@RaymondMeicke @ThePubliusUSA @PressSec But section 230 IS a 1st Amendment rights issue. Thats what it is fundamentally at its core. But you continue talking as it's entertaining for the rest of us as well. At least it made me cackle when I read ''isn't about the 1st Amendment"" when that's fundamentally at stake.",section 230,A
165,1348852117738549248,2021-01-12T00:00:00Z,@skrymir42 @TomFitton @Twitter Not so quick. Is Twitter a publisher or a platform? Twitter is publically traded and not private. Section 230 exemption applies only if Twitter is a platform. Publishers can't discriminate.,section 230,A
166,1266380698870591488,2020-05-29T00:00:00Z,@realDonaldTrump Ban Trump now,trump ban,B
167,1334527288017350656,2020-12-03T00:00:00Z,Repeal section 230! https://t.co/yjVec67sYN,section 230,A
168,1346934361103376384,2021-01-06T00:00:00Z,"@Twitter, it's time to put your big boy pants on &amp; ban Trump on twitter.  He is dangerous.  Always has been.  This is total madness. #BanTrumpNow",trump ban,B
169,1344066329356070912,2020-12-29T00:00:00Z,"@W7VOA @OverUnderClover Section 230 should stay. No oppressing the free speech of  Americans, by that petty, little martinet.",section 230,A
170,1348053910347526144,2021-01-09T00:00:00Z,"@Wakcedout @RussPalmer @TomiLahren If someone I liked did what Trump did, I’d stop liking them well before they got banned, and I’d cheer the ban, just like I am now with Trump.",trump ban,B
171,1348064683350253568,2021-01-10T00:00:00Z,Twitter bans President Trump permanentlyhttps://t.co/BbnHN0OFU3.  The wisest decision Twitter has made regarding 45! Take away his megaphone to amplify lies and stoke violence and he's a nobody! Return the favor! Kick thecscumbag while he's down! This is how that fat pig fights!,trump ban,B
172,1347450879528595456,2021-01-08T00:00:00Z,@Lancegooden @realDonaldTrump When and if Section 230 is repealed all social media will cease to exist in the USA.,section 230,A
173,1347341671638343680,2021-01-08T00:00:00Z,"@ChristopherTerr Good idea. I think they need it. Esp. the lawyers, apparently. BTW, it must be section 230's fault, right?",section 230,A
174,1351361660339040256,2021-01-19T00:00:00Z,"@SebGorka @stinchfield1776 @newsmax Thank you, Mr President, for fighting for American people, against the powerful #BigTechDictators, the mobs they support, the media they censor and control, &amp; the #CorruptPoliticians they have sponsored and installed! Must repeal #Section230 &amp; free USA from #SiliconValleyCartel!!",section 230,A
175,1214013637733470208,2020-01-06T00:00:00Z,@wingjoyce1 @rickygervais I’d better watch it before the inevitable deplatforming “forces” @netflix to take it down.,general complaint,E
176,1348143808303702016,2021-01-10T00:00:00Z,"Thank you @amazon!

""The company, founded by Jeff Bezos, said Parler's lack of content moderation lead to its removal from its web hosting service, calling it a ""Very real risk to public safety,"" according to The Wall Street Journal."" https://t.co/3Nn5CfVzUP #BREAKING: Amazon becomes the latest tech giant to suspend Parler reports https://t.co/mOuSo7GPI9 https://t.co/929yf11l4E",platform policies,D
177,1316725390547791872,2020-10-15T00:00:00Z,"@LostPatriot2020 @Donald09400775 @DataLyfe @phuong0892 @wetsprocket @RitaPanahi That’s the whole point. 
The first amendment says publishers are as liable as authors, distributors aren’t. 
Section 230 places tech as distributors but it requires interpretation, if you act as a publisher you clearly cross the line",section 230,A
178,1316620623238459392,2020-10-15T00:00:00Z,@RepMattGaetz Revoke section 230 protection and we will take care of the rest in court,section 230,A
179,1268834466413199360,2020-06-05T00:00:00Z,@kunst_of_kunde They are coming because .@YouTube .@Facebook and Twitter are knowingly allowing only these violent attacks and pandemic lies while deleting and shadowbanning anyone from showing their fraud.,general complaint,E
180,1349528650530643968,2021-01-14T00:00:00Z,"SNAPCHAT KICKED DONALD TRUMP TO THE CURB Snapchat permanently suspends Trump, saying it is 'in the interest of public safety' after Capitol riots. The American President is now isolated, he is a pariah.https://t.co/IFJfPrh7Us",trump ban,B
181,1302498320364064768,2020-09-06T00:00:00Z,"@juanycfhall Are the responses to his tweet that mention  ""bloking"" violations of Twitters TOS? 
Manipulation &amp; targeted harassment certainly seem to be. 
Not saying getting blocked by A'holes is bad, 
It's the method &amp; manipulation for an end run around some well deserved shadow banning",general complaint,D
182,1343407673304354816,2020-12-28T00:00:00Z,"@Bubblebathgirl None of this happened, lies. No one getting 2 grand, it is 6oo. Section 230 was not even in the bill and was not touched. Pork is still in the bill and it is Mitch McConnells pork. Your such a POS liar. Why are you Trump supporters so brainwashed? I know him 35 yrs, con &amp; crook.",section 230,A
183,1288139827578376192,2020-07-28T00:00:00Z,@the__mrf @fawfulfan @iwantlibertees @RossVerba @kellumdander @Surabees @TrumpWarRoom @Twitter @jack @DonaldJTrumpJr Literally none of section 230 supports this. There quite literally is no debate on this. You have been lied to by hacks.,section 230,A
184,1288665114481012736,2020-07-30T00:00:00Z,"The Trump administration’s “Executive Order on Preventing Online Censorship” may overhaul social media, with the help of the Federal Communications Commission. https://t.co/NBbGDBGTzq White House HITS BACK at Big Tech, Calls on FCC to Clarify Section 230 via @AlaxandairH https://t.co/NWDuBWt9AI",section 230,A
185,1347265743889588224,2021-01-07T00:00:00Z,"After using Twitter and Facebook to incite a violent coup, it's time to ban @realDonaldTrump permanently. https://t.co/65PLz4IG0s",trump ban,B
186,1274042464962314240,2020-06-19T00:00:00Z,"@jack FIX.YOUR.SHIT.

U are complicit in leading us down the road of fascism/authoritarianism.

You put a ""label"" for ""misleading content"".

What about blatant threats of violence+inciting/promoting violence.

His extremist supporters r getting the message &amp; u are HELPING them. https://t.co/51bvmHdHZO",general complaint,E
187,1285755702695415808,2020-07-22T00:00:00Z,"I DO know who needs to hear this, but:

If you are upset about the Qanon Twitter ban, you are part of the problem and not the solution",platform policies,B
188,1347154429057900544,2021-01-07T00:00:00Z,Trump gets Twitter account back - but could soon be permanently banned https://t.co/eKUus3NpjX,trump ban,B
189,1349725960799719424,2021-01-14T00:00:00Z,"“I do not celebrate or feel pride in our having to ban @realDonaldTrump from Twitter,” Dorsey wrote. But he added: “I believe this was the right decision for Twitter.” https://t.co/AnbOm6HIuY",trump ban,B
190,1266086792433766400,2020-05-28T00:00:00Z,"Today from Garbage FoxBiz Claman

Just had a major Twitter stakeholder tell everyone why Drumpf is bad for having an EO on social media and how it should ""be free"". It's anything but. The Statists are Libertarians on this one. Whatever suits them. No principles. Section 230.",section 230,A
191,1347957281833545728,2021-01-09T00:00:00Z,@westy7278 @RichSementa @RealJamesWoods Google have banned Parler from Playstore as it refuses to ban Trump.,platform policies,B
192,1321507504392704000,2020-10-28T00:00:00Z,@realDonaldTrump End section 230 NOW!,section 230,A
193,1334140773902770176,2020-12-02T00:00:00Z,@realDonaldTrump This is the biggest self-own since Trump supporters voted this crook in. Social media companies (including Parler) would have to ban him and his conspiracy nuts.,trump ban,B
194,1317541551099269120,2020-10-17T00:00:00Z,"#iBullshitYouNot

This is why Americans are so uninformed.

Add to this social media censorship and we got a whole bunch of sheeple lining up to vote for someone they know nothing about.

#Election2020
#VOTE https://t.co/ohurQB1dHO",general complaint,B
195,1341590193631969280,2020-12-23T00:00:00Z,@NEWS_MAKER Kill Section 230 too.,section 230,A
196,1259842719851048960,2020-05-11T00:00:00Z,"@LivePDDave1 Honestly, I don't know how twitter gets away with this, it's pure harassment, censorship and violation of our 1stA rights- like what IRS did to conservatives. This whole hashtag #ObamaGate is proof positive PLUS the shadowbanning going on. They'd love to kill everyone of us!",general complaint,E
197,1237588681461911552,2020-03-11T00:00:00Z,"They also are trying to remove free speech under section 230 for the Internet. #encryption is math &amp; algorithms, to be afraid  of it is ridiculous.

To allow a governing body to take it away from you, is to allow the fox  into the hen house.

/2 https://t.co/06FQg1Tty2",section 230,A
198,1347833160634085376,2021-01-09T00:00:00Z,"TRUMP SUGGESTS BUILDING MICRO-BLOGGING SITEFollowing his permanent Twitter ban, the president floats a new digital megaphone for his hate-speech.https://t.co/dpIN6oXRXA",trump ban,B
199,1263166633888976896,2020-05-20T00:00:00Z,"@RealJamesWoods Social Media Censorship And Bias Is Increasing Every Day As We Approach The 2020 Election.

It is even worse than you may think.

How do we stop it?

Read @ToddJCefaratti and @floydbrown
shocking new book https://t.co/QFKe3DshR8

#Censorship",general complaint,D
200,1281659152046198784,2020-07-10T00:00:00Z,"In principle I agree with push against cancel culture &amp; for free speech.

But makes me feel uncomfortable that those most vocal in that crowd are racists/homophobes/transphobes/misogynists.

Deplatforming people with offensive views isn't attacking free speech. Arresting them is. https://t.co/nf7Bc63HJe Why else would people like Joanne put on this performance? They may hate the shame but they love the attention and the social currency they accrue in the process of being shamed.

Shamed for *their* actions, mind. That's what kicked this all off. https://t.co/4eC0QqUNo9",general complaint,D
201,1338324204857434112,2020-12-14T00:00:00Z,"@m_downey @yonderlow @alittleleader That hasn't really stopped you from trying to argue it repeatedly, also deplatforming is not censorship or ""censorship"" or censorship with a zillion quotes around it whatever, nobody OWES Milo a platform, he's a worthless hateful piece of shit and he got shown the door",general complaint,B
202,1352607405486596096,2021-01-22T00:00:00Z,"Amazing, someone gets a perma ban for posting a picture,yet with all the anti-trump garbage that was posted the past 4 years and nothing. The people who cried that Trump was a dictator should be crying about @jack, he'll be coming for you next.",general complaint,B
203,1321682723480678400,2020-10-29T00:00:00Z,Repeal Section 230! https://t.co/jTMVw84JHT,section 230,A
204,1347845541921607680,2021-01-09T00:00:00Z,"Mr Trump's Twitter account has been permanently suspended. And I am glad.

https://t.co/2Sucamel0Q",trump ban,B
205,1265415545882505216,2020-05-26T00:00:00Z,"@MeghanChavalier @jack Or, crazy thought....ban Trump for doing the same things that other people get banned for. Hold him to the same standards",trump ban,B
206,1288584560981278720,2020-07-29T00:00:00Z,"There should be more of an emphasis on deplatforming them, absolutely! I think that it isn’t done enough to be honest, but pointing out TERF rhetoric in tandem with that shouldn’t be a problem.",general complaint,E
207,1349906671116627968,2021-01-15T00:00:00Z,Texas AG Launches Investigation Into Big Tech’s ‘Biased Policies’ After Trump’s Twitter Ban https://t.co/FI40b0Vp9M,trump ban,B
208,1334399702549188608,2020-12-03T00:00:00Z,"News media @NYTimesPR, @washingtonpost, @thehill journalists get real, section 230 is the bedrock for free and protected digital speech by ANY hosting forum, not just the big guys. https://t.co/GRjtMnh2Y6 Section 230 protects anyone who maintains a website with comments, a message boards or newsgroups, or even anyone who forwards email. It's a mistake to say that specific tech companies are the only—or even the majority—of those online services it protects.https://t.co/77lS0pGW6X",section 230,A
209,1349367001563725824,2021-01-13T00:00:00Z,"#Youtube joins #facebook, #snapchat, #twitter &amp; #twitch to ban Trump during his final week in office. https://t.co/2ZmTtAatwy #tech #socialmedia",trump ban,B
210,1327269865481265152,2020-11-13T00:00:00Z,Do it Twitter. DO IT NOW!!!!!! BAN TRUMP FROM TWITTER!!!!!!!!! https://t.co/B6hxNKkwtr Twitter should permanently ban @realDonaldTrump. Pass it on.,trump ban,B
211,1341913771191791616,2020-12-24T00:00:00Z,"@enzo112283 @marklutchman According to trump the issues are the renaming of bases named after Confederate soldiers and section 230, which protects any domain that allows user content to be published.",section 230,A
212,1321490301484208128,2020-10-28T00:00:00Z,#Zuckerbergintrouble He just played the Fire in the Theatre card. Revoke section 230!,section 230,A
213,1347767181019381760,2021-01-09T00:00:00Z,I think it is disgusting what they are doing to President Trump. We should boycott  every site they ban him,trump ban,B
214,1332767121433112576,2020-11-28T00:00:00Z,#DiaperDonald #DiaperDon #DiaperDonnie   We know they real reason behind you pushing section 230 https://t.co/cr2d9MPZXV,section 230,A
215,1351522011974086656,2021-01-19T00:00:00Z,"Im not blaming social media for the division, but the ability to post ridiculous, hateful and damaging content does allow complete nonsense to thrive and did contributed to Jan 6.  

So how do we continue to enjoy these platforms without destroying the braincells of so many?",general complaint,D
216,1265985138883809280,2020-05-28T00:00:00Z,"Twitter will never ban Trump. He's their cash cow. Without him, all we'd have to whine about are the Kardashians and Karen.",trump ban,B
217,1227231575445843968,2020-02-11T00:00:00Z,Big Tech Monitors and Pulls ‘Fake News’ - So They Don’t Need Section 230 https://t.co/2GVjENKO3t‘fake-news’-so-they-don’t-need-section-230/,section 230,A
218,1336710160610365440,2020-12-09T00:00:00Z,Section 230 Any updates??? GET IT DONE! https://t.co/M4cWfJaW7E,section 230,A
219,1353556388086231040,2021-01-25T00:00:00Z,And this is not the first public statement from Ghosh based on a complete lack of understanding of what Section 230 is.,section 230,A
220,1270076503263531008,2020-06-08T00:00:00Z,COME ON #twitter Stop the #ShadowBanning,general complaint,E
221,1358225597231755264,2021-02-07T00:00:00Z,If you haven’t noticed the majority of prominent conservatives are already banned here. Before you know it Twitter is going to be exclusively dull liberal content where everyone  has to think and act the same. What a bore.,general complaint,B
222,1296236431371837440,2020-08-20T00:00:00Z,"@MarkDice So why don't they ban the stuff that says worse things about Trump or Republicans? 

Oh right, bias.",general complaint,B
223,1373860310008926208,2021-03-22T00:00:00Z,"Donald Trump Said to Launch His Own Social Media Platform Following Facebook, Twitter Ban https://t.co/kc1wKikB7M",trump ban,B
224,1293852305482293248,2020-08-13T00:00:00Z,Social media organisations must do more to ban hateful and violent content on their platforms. https://t.co/PDpoHikbiY,platform policies,D
225,1349901915677593600,2021-01-15T00:00:00Z,"@RepCawthorn Omg how does someone this stupid get to be a congressman you actually READ what section 230 is and does? Cuz ya sound like you haven’t. I will say this though, having the govt tell private companies what to do like this IS communism, soooooo....",section 230,A
226,1265843388894580736,2020-05-28T00:00:00Z,@PSDesertDolphin I’m well aware. Doesn’t change the fact that congress/POTUS should remove their section 230 protections. Just that is a good start. Good night.,section 230,A
227,1315783368622080000,2020-10-12T00:00:00Z,"@EmGorse @BarnettforAZ @zev_dr Section 230 was never meant to prevent website owners from determining what kind of content appear on the website property they own.

The law merely says: If owners allow users to self-publish, under whatever rules, owners cannot usually be sued for the self-published speech.",section 230,A
228,1336754217516613632,2020-12-09T00:00:00Z,"@realDonaldTrump President Trump,u need help us !!!!!!

Section 230 must be repealed, and YouTube began to delete videos related to election fraud",section 230,A
229,1327827666678910976,2020-11-15T00:00:00Z,"Conservatives backing President Donald Trump's claims of election malfeasance have sparked a migration to alternative social media sites which have refrained from filtering unverified claims.

https://t.co/H0HctsW7EW",platform policies,B
230,1325202306552324096,2020-11-07T00:00:00Z,petition for twitter to ban trump,trump ban,B
231,1292924682010628096,2020-08-10T00:00:00Z,"A co-creator of Section 230 that enabled the rise of Big Tech, Senator @RonWyden is now pushing for accountability. “Sen. Ron Wyden is ready to send the CEO of @Facebook to prison, and he has the bill to do it.”

https://t.co/YW4VAypzpO",section 230,A
232,1266158945707495424,2020-05-29T00:00:00Z,"What is “best” about this is the general “you know what I am talking about” thing. I have talked to relatives where I would bet them $100 to explain to me *how* Twitter or FB are “censoring” conservatives. They have no idea. (One just said “shadowbanning.”) https://t.co/gpQsu1Z1FJ Trump on Twitter/FB: ""They have points of view &amp; if we go by that, it's actually amazing there was a success in 2016, but we can't let this continue to happen. It's very unfair. You look at the statistics &amp; you look at what is going on."" (Russia used social media to help Trump!) https://t.co/me9Ah8eMDB",general complaint,B
233,1312897334762643456,2020-10-04T00:00:00Z,"You may have agreed or disagreed with JD from NY, but I don't think anyone should celebrate deplatforming.",general complaint,B
234,1322490284727566336,2020-10-31T00:00:00Z,Wait and see how this looks on Nov 4th... short the hell outta this after Trump decimates section 230.... https://t.co/YqRJuKb3n0,section 230,A
235,1351352672423731200,2021-01-19T00:00:00Z,"Trump's Social media ban should concern you. Twitter, Instagram &amp; Facebo... https://t.co/mrFgJDos8V via @YouTube",trump ban,B
236,1376253888551124992,2021-03-28T00:00:00Z,@finkd My name is oscar Webb and I have not been able to get back on Facebook since October. I was put on what was supposed to be a three-day ban for posting about Donald Trump. Now that he is finally gone. why haven't I be reinstated?,personal complaint,E
237,1290688051304378368,2020-08-04T00:00:00Z,"This post has been up 24 minutes and has 12 impressions @Twitter @TwitterSupport. I have 3800 followers. This number is about 95% off where it should be

Why are you secretly shadow banning me? https://t.co/l1oF7lqraJ",twitter support,E
238,1384237790343299072,2021-04-19T00:00:00Z,"@sfmnemonic The difference is that technically a system of ""content moderation"" is the same as ""censorship.""

I did not accuse anyone of corruption. What I'm saying for is jobs at Facebook and Google doing ""content moderation"" and ""AI ethics"" whitewash their behavior. What else do they do?",general complaint,D
239,1329131894282219520,2020-11-18T00:00:00Z,Section 230: The Law at the Center of the Big Tech Debate | WSJ https://t.co/aacLcfvEGd,section 230,A
240,1337175708586663936,2020-12-10T00:00:00Z,"@bonesprouts Twitter is going through a thing. Supposedly restricting and shadowbanning accounts due to the election and some other stuff. Trust me, I've been losing too and many others.",general complaint,E
241,1266129458110423040,2020-05-28T00:00:00Z,"@BobDobb15029165 @RACurtisSanche1 @pablo_honey1 @realDonaldTrump @Twitter I keep hearing the left say he's attacking the constitution, meanwhile claiming exaggerated gun death numbers and demand the 2nd amendment be infringed upon, advocating for hate speech laws, the deplatforming of all of their political rivals, impeaching 45 over a false conspiracy",general complaint,B
242,1327983628161347584,2020-11-15T00:00:00Z,"#twitter #TwitterCensorship 
You need to ban #Trump from twitter. Tweeting false, divisive statements on important issues violates your standards.  Not once, but 100’s of times.  Do the right thing for once.  It’s a decency move not a political move. #BanTrump",trump ban,B
243,1349405479194271744,2021-01-13T00:00:00Z,"Keep fighting, Mr President, for America and its people, against the globalist #BigTech dictators, the mobs they support, the Media they censor and control, &amp; the corrupt politicians they have sponsored and installed!!! Must repeal #Section230 to free USA from #BigTech's grasps!! https://t.co/MUPRM6SARg The Trump Organization responds, calling Mayor de Blasio’s decision “political discrimination.” https://t.co/NWtD758EWD",general complaint,B
244,1342812630474514432,2020-12-26T00:00:00Z,"@LucasFoxNews @realDonaldTrump If the veto isn't overruled, the real president can sign it in a few weeks.
Also he could have vetoed the line items. He was just pouting that Section 230 wasn't appealed so he could control Twitter.. 
Also he is a jerk.",section 230,A
245,1333971908484882432,2020-12-02T00:00:00Z,"@realDonaldTrump So this is the current list of topics ""trending"" on Twitter.Want to hazard a guess which one has Trumpy screaming about Section 230? https://t.co/nRWqxRRZvl",section 230,A
246,1285770821584093184,2020-07-22T00:00:00Z,"@SamAdamsLPL @minneapolismn52 @Barnes_Law Section 230 protection is GONE

https://t.co/L80xwgciCh",section 230,A
247,1352781976168615936,2021-01-23T00:00:00Z,"@aaronwalla2000 @Shidcat11 @theserfstv @TeamYouTube @RightWingWatch @slpng_giants I'm not, I'm fighting against corporate censorship. If enemies get hurt while we're in a system we're trying to change  for their mutual benefit, oh well. I'm not gonna cry for nazis getting banned.",general complaint,B
248,1346977418763005952,2021-01-07T00:00:00Z,"Thanks @Twitter for blocking Trump for 12 hours, but that is NOT enough. He should be banned permanently for inciting #insurrection 

Ban Trump FOREVER @Twitter 

Ban Trump FOREVER @Twitter 

Ban Trump FOREVER @Twitter 

Ban Trump FOREVER @Twitter 

Ban Trump FOREVER @Twitter",trump ban,B
249,1345184266330595328,2021-01-02T00:00:00Z,@NRSC @Perduesenate @KLoeffler What is section 230?,section 230,A
250,1336992658586210304,2020-12-10T00:00:00Z,@lashanasshi @TkKoza @1969tttt @TulsiPress @RepGosar These morons are too dumb to realize removing section 230 is going to put the censorship on steroids.,section 230,A
251,1270086686366711808,2020-06-08T00:00:00Z,"@MahyarTousi @IsRowden One of my most admired connections on Linked in eloquently and strongly represented her disgust at the defacing of war memorials during protests. LinkedIn rewarded her views by deplatforming her.  
The global elite have this sewn up I think. We are rotten to the core.",general complaint,E
252,1343725765251100672,2020-12-29T00:00:00Z,@errollouis Do you think maybe the CTA attachment to the NDAA is as big a reason for his objection as Section 230 is?,section 230,A
253,1347817166003789824,2021-01-09T00:00:00Z,"@MichelleYesudas Censorship is not a good thing but thanks to #DonaldTrump constant lying and deceit, he has open the pandora box of corporate censorship.",general complaint,B
254,1274177329061933056,2020-06-20T00:00:00Z,Doesn't the #Twitter voice tweet feature take #FactCheck and #contentmoderation challenges to a whole new level?,platform policies,D
255,1349651316654661632,2021-01-14T00:00:00Z,"me: amazon is truly evil and nothing can sway my opinion on the matter
amazon: we’re deplatforming the nazi website
me: amazon is still truly evil and will do the bare minimum to trick you into thinking they arent",general complaint,E
256,1348281832375152640,2021-01-10T00:00:00Z,Lindsey Graham Says He’s Done Taking It Easy On Section 230 https://t.co/JqllXDVfVb,section 230,A
257,1257727831758516224,2020-05-05T00:00:00Z,We’re how many months into this global pandemic and @Twitter STILL doesn’t have a way to report false or misleading information about said pandemic?!!,general complaint,E
258,1265927948617613312,2020-05-28T00:00:00Z,@BobGeze @yoyoel he inadvertently singlehandedly started the beginning of the end of social media censorship. This is going to change everything. We should be thanking him for being dumb enough to censor the President of the United States.,trump ban,B
259,1334043186746904576,2020-12-02T00:00:00Z,"So by Executive Order DT doesn't want to be censored at all for his mean tweets and lies, &amp; he wants to 86 Section 230 so Twitter can be held accountable for mean comments or ""alleged"" lies about #BiggestLoserTrump. So he wants to have cake &amp; also shove it into his chew hole. https://t.co/OFhOv0Afh1",section 230,A
260,1317000460004282368,2020-10-16T00:00:00Z,"@magahive @OraProNobis111 @vijaya @senjudiciary 3
""Once 230 is removed &amp; they try to censor we can sue them.""
If their Section 230 protections are removed, they will filter/ban/block/flag even more, with the excuse ""we don't want to be sued"".  They would be within their rights.  That would be bad for free speech!",section 230,A
261,1347770188708671488,2021-01-09T00:00:00Z,"Big Tech is waging war &amp; leveraging all their might to silence ALL of the right, not just the far right, but anyone, any organization, any platform that steps right of center. They've found Section 230 is going to protect them under the new administration &amp; they are going all-in.",general complaint,A
262,1360803496468045824,2021-02-14T00:00:00Z,"@theallinpod Since trump was acquitted by the senate, what does it say on the ban imposed by Facebook &amp; Twitter? If the law makers couldn’t place charges, what gives FB &amp; TWTR the right to keep his accounts blocked. They are not lawmakers or judges.",trump ban,B
263,1382029452083798016,2021-04-13T00:00:00Z,"@RightWingWatch Taking full advantage of Section 230 protections, I see.",section 230,A
264,1349501241332785152,2021-01-13T00:00:00Z,"@WhiteHouse Doesn’t mention Biden, again it’s just “a transition of power”, doesn’t take responsibility for anything, reads words that aren’t his, takes credit for the National Guard presence, whines about social media ban, tries to cover his own ass, lets down the fools who believed in him.",general complaint,B
265,1349032418439663616,2021-01-12T00:00:00Z,"We're so used to Trump blasting his bullshit out to the universe that deplatforming him has left an existential void in the news. 'how do we even know what's going on in the WH?' So they jump to ask questions in the scramble. I say, deplatform him there, too. Impeach and remove. https://t.co/YPnvsOh1C4 There is a kind of belief that powerful people just need to be told they're full of shit, and they'll come around (Scrooge Syndrome?). But Trump isn't that kind of person. No amount of confronting him will change him. You just gotta remove him, now. https://t.co/kOLz3j6lvX",trump ban,B
266,1349899823244304384,2021-01-15T00:00:00Z,Trump Social Media Ban Shows How Ignorant Americans Really Are https://t.co/TOnM1vRH1M via @YouTube,trump ban,B
267,1348055162116591616,2021-01-09T00:00:00Z,Nikki Haley says Trump Twitter ban is 'what happens in China' https://t.co/LWo5h3PCFm #FoxNews Where do you think we all will be living for the next 2 years.,trump ban,OTHER
268,1349409670235107328,2021-01-13T00:00:00Z,"If you managed to get section 230 repealed, then companies could be sued for lies that other people post on their sites. If that happens, you can bet, Madison, you will be one of the first users that sites will kick off. You will then cry more. https://t.co/mvIj86U3Bi BREAKING: I am co-sponsoring a bill to amend Section 230 to demand First Amendment protections be applied to big tech platforms! 

This is a bipartisan issue. If big tech can silence the right, then rest assured that they can silence the left!",section 230,A
269,1348157886447243264,2021-01-10T00:00:00Z,@RudyGiuliani I told Trump in the beginning to make a dedicated website where Trump could post things so Twitter Facebook and other media could not mess with the content. Or have his own media Trump media! On the web on his own page. So you can have an conservative media out look .,general complaint,B
270,1342209628856328192,2020-12-24T00:00:00Z,Trump's vow to veto defense spending bill without revoking Section 230 is political theaterhttps://t.co/K4aRGSz0xB...https://t.co/xQfLwuOeMw,section 230,A
271,1356428940609421312,2021-02-02T00:00:00Z,"@JeannieO20 @JudiciaryGOP @KamalaHarris You see the link below that says ""may contain offensive content"". That's not conservative bias. 

You realize that you don't have to follow them? You can even block them if you want. It's a 2nd grader mentality to have to respond with a childish comment.",general complaint,D
272,1322522049047367680,2020-10-31T00:00:00Z,"HahahHhahHHh.  I mean section 230 is bad but not for that reason https://t.co/E4o4EJPA52 On Fox &amp; Friends before his first #SCSen campaign stop of the weekend in Florence, @LindseyGrahamSC vows to eliminate Section 230 and let people sue social media platforms. 

“The biggest threat to conservatism is the social media companies censoring information.”",section 230,A
273,1286110379106537472,2020-07-23T00:00:00Z,"@YourAnonCentral @TwitterSupport @JuliansRum Anonymous, do us a favor, would ya? Seek and destroy the scumbag pedos. 

They deserve the deplatforming gig Twitter is on. 

Oh, and don’t be a jerkoff.",twitter support,E
274,1354835929484169216,2021-01-28T00:00:00Z,"So, in light of the events in the past couples days, and the reaction of financial institutions. Ask yourself, why would there be massive support of repealing Section 230....",section 230,A
275,1358868537712943104,2021-02-08T00:00:00Z,I just signed a @commoncause petition to @Facebook: Permanently ban Donald Trump. Sign here: https://t.co/PZQhFuiamq,trump ban,B
276,1345135003357777920,2021-01-01T00:00:00Z,@NRSC @Perduesenate @KLoeffler Then why the eff didn't you do your part today to get rid of section 230? You can't have it both ways. You don't get to feign offense at Facebook's action. Do your job!!!,section 230,A
277,1322044065928523776,2020-10-30T00:00:00Z,What really happens if Republicans get rid of Section 230 https://t.co/wOjHWkBgXchttps://t.co/kTXNuzCTCu,section 230,A
278,1319726787874623488,2020-10-23T00:00:00Z,"Goldman, Purdue, Berkshire and many more are paying record fines. Google is being pursued on antitrust, section 230 is finally getting a review, and so much more!",section 230,A
279,1349912338497896448,2021-01-15T00:00:00Z,"Twitter, Facebook Lose $51B Value After Trump Ban; NYC Bars Selling For ... https://t.co/uYSL4h8RkS @YouTubeより",trump ban,OTHER
280,1323314151460990976,2020-11-02T00:00:00Z,"@kombiz @owillis I would support an exception to Section 230 that allowed lawsuits/sanctions against internet providers like Facebook who use algorithms to enhance/reduce viewership of the free speech of others. In other words, they aren’t neutral so they aren’t protected. https://t.co/SzaZmcpDq9",section 230,A
281,1378965726808190976,2021-04-05T00:00:00Z,@CTVNews Online censorship HERE WE COME!!!!,general complaint,B
282,1349224730180677632,2021-01-13T00:00:00Z,"@LindseyGrahamSC @VP Many Republicans are more upset by the twitter ban than by Trump’s incitement of a violent insurrection.

These people are disgraceful.",trump ban,B
283,1331962683042779136,2020-11-26T00:00:00Z,@TangledUpInDead @soupmaned @jkosseff @jenniferm_q The referenced case has absolutely nothing to do with Section 230.,section 230,A
284,1294444758379769856,2020-08-15T00:00:00Z,"Bill Mitchell:my Twitter ban is PERMANENT??Regardless, to wipe out on of the top Trump accounts months before the election is utterly preposterous and censorship in the extreme.https://t.co/lVS9pGaKPO”",personal complaint,B
285,1309329843457126400,2020-09-25T00:00:00Z,"Dems don't want because the social media, Big Tech supports them!

Senator Josh Hawley Pushes Vote on Proposed Section 230 Big Tech Censorship Legislation -- Democrats Immediately Block the Vote via @gatewaypundit https://t.co/ihSq7AGsMh",section 230,A
286,1347102486201393152,2021-01-07T00:00:00Z,@axios And Trump has less than 3 hours left on his Twitter ban. I wish I could be awake for it! Gonna be hilarious,trump ban,B
287,1326358255048790016,2020-11-11T00:00:00Z,Tweeter is blocking searches for certain individuals I will name later.... I hope in the lawsuit when the Republican party remove section 230....,section 230,A
288,1321192079079493632,2020-10-27T00:00:00Z,How Jack Dorsey will defend Twitter in tomorrow’s Senate hearing on Section 230 https://t.co/3qDC7VAvAChttps://t.co/Rwc3vA5hPW,section 230,A
289,1353784887464005632,2021-01-25T00:00:00Z,"""..what we would have is companies starting to become more careful and concerned over the emergence of hateful content, disinformation, misinformation"" #Section230 #Twitter #Facebook",section 230,A
290,1305228921072357376,2020-09-13T00:00:00Z,"@FauseySean @Tali0630 @HABoric @BigBertieT @JoeBiden @KamalaHarris There is so much evidence dude just look around, ask the ppl involved in the cancel culture, deplatforming, virtue signaling, critical race theory and Hollywood and the oscars are all Dem voters and Dem values as they see them. Which is death to America and name calling &amp; hate",general complaint,B
291,1317447597112655872,2020-10-17T00:00:00Z,Section 230 Gotta Go ! No more blocking the truth from America  MUST WE HIT THE STREETS ?,section 230,A
292,1332668090325237760,2020-11-28T00:00:00Z,"@realDonaldTrump

Repeal Section 230

Sign an executive order please https://t.co/90O2EvodYx",section 230,A
293,1266186504658989056,2020-05-29T00:00:00Z,@Policy Section 230 is good but evidently easily exploited by partisan dirtbags like you who use it to further your policies and political party at expense of free speech rights of common people.,section 230,A
294,1258882814054891520,2020-05-08T00:00:00Z,"@nighatdad It’s time to #Repeal230.

Social media platform (FB, YT, etc) must be completely “content-neutral” or control the content and risk being sued if the content offends. They rely on Telecomm Act, Section 230 exemption from content-litigation. 

Now they want to censor. 

 #Repeal230",section 230,A
295,1354750718314487808,2021-01-28T00:00:00Z,@MorningsMaria An about face when VLAD PUTIN can lecture America on CORPORATE CENSORSHIP!,general complaint,OTHER
296,1348074761591652352,2021-01-10T00:00:00Z,"@zoe_samuel @JonahDispatch I actually think his comparison is beyond ridiculous. If a Democrat spoke or behaved the way Trump does, he or she wouldn’t be a Democrat any longer. Why would Twitter ban a Democratic president? For wearing a tan suit? For using the wrong mustard?
Absurd.",trump ban,B
297,1346977436538433536,2021-01-07T00:00:00Z,Twitter says Trump’s account is locked and he’s facing a ban #SmartNews  https://t.co/k03uMx15SQ,trump ban,B
298,1357916774851874816,2021-02-06T00:00:00Z,Leading Digital Rights Group Warns Section 230 Reform Bill Will Boost Big Tech While Crushing Smaller Sites - https://t.co/zBbpCoSrNm via @commondreams,section 230,A
299,1323648292824166400,2020-11-03T00:00:00Z,"I think most of us know that deplatforming is bound to escalate sooner rather than later. You can find other places to follow me and my work here:

https://t.co/LLd1edbhUS",general complaint,B
300,1343963005583843328,2020-12-29T00:00:00Z,"@Chosencreative @pastorlocke Honest question, have you read section 230 in its entirety, and can you explain what it does and why it should be removed? Also, have you thought about the actual ramifications of removing it?",section 230,A
301,1344069038285058048,2020-12-29T00:00:00Z,.@senatemajldr is going to try to kill the $2000 stimulus checks by tying them to the repeal of section 230. That is a poison pill. The issues are completely unrelated and should get voted on separately.,section 230,A
302,1349076668351131648,2021-01-12T00:00:00Z,"Considering that higher rates of censorship would disproportionately affect conservatives, what are Republicans going to do when Democrats jump on board the ""repeal Section 230"" train?

Just going to say, ""Psych!""?

Seems bizarre.

https://t.co/jH5hM2LL3U",section 230,A
303,1351907691816509440,2021-01-20T00:00:00Z,"Facebook blocks Trump for remainder of term while Twitter sets permanent ban

https://t.co/K2eDQry8Kb",trump ban,B
304,1348270144531869696,2021-01-10T00:00:00Z,"@willchamberlain @RepCawthorn No. Apple is demanding that they moderate calls for violence and hate speech as they are required to by section 230 and Apple’s terms of use.
Your interpretation is 100% wrong.",section 230,A
305,1375626755915067392,2021-03-27T00:00:00Z,Yep instagram is def shadow banning my post. F** instagram,personal complaint,E
306,1344299056839979008,2020-12-30T00:00:00Z,"Just figured something out. Trump wants Section 230 repealed for simply money. His livelihood is not paying bills and suing people. If section 230 is gone, he will all social media for anything posted bad about him. He is going to need income soon",section 230,A
